--INSERT STATEMENTS--

INSERT INTO PERSON 
VALUES ('845632190', 'John', 'Smith', '32', '04/21/92', 'M', '8178549999');
INSERT INTO PERSON 
VALUES ('306518742', 'Amelia', 'King', '33', '06/14/90', 'F', '1234567890');
INSERT INTO PERSON 
VALUES ('729064815', 'Chris', 'Jones', '37', '07/19/86', 'M', '5557891234');
INSERT INTO PERSON 
VALUES ('513970624', 'Alyssa', 'Graham', '28', '03/10/96', 'F', '5554567890');
INSERT INTO PERSON 
VALUES ('208746931', 'Jack', 'Willson', '43', '08/15/80', 'M', '4564448512');
INSERT INTO PERSON 
VALUES ('583917246', 'Warren', 'Willis', '33', '08/15/90', 'M', '5679021124');
INSERT INTO PERSON 
VALUES ('102835479', 'Sara', 'Jackson', '35', '10/11/88', 'F', '2358945612');
INSERT INTO PERSON 
VALUES ('726591038', 'Daniel', 'Jones', '47', '11/18/76', 'M', '8754298643');
INSERT INTO PERSON 
VALUES ('349802615', 'Emma', 'Johnson', '26', '02/08/94', 'F', '9523657542');
INSERT INTO PERSON 
VALUES ('914267583', 'Michael', 'Brown', '49', '03/02/75', 'M', '2134578964');

INSERT INTO EMPLOYEE
VALUES ('485612', '845632190', '48.00', '40', NULL);
INSERT INTO EMPLOYEE
VALUES ('846274', '306518742', '52.00', '41', NULL);
INSERT INTO EMPLOYEE
VALUES ('956426', '729064815', NULL, '40', '110000');
INSERT INTO EMPLOYEE
VALUES ('414212', '513970624', NULL, '39', '115000');
INSERT INTO EMPLOYEE
VALUES ('475214', '208746931', '51.00', '39', NULL);

INSERT INTO PATIENT
VALUES ('983526', '583917246');
INSERT INTO PATIENT
VALUES ('534847', '102835479');
INSERT INTO PATIENT
VALUES ('874635', '726591038');
INSERT INTO PATIENT
VALUES ('344879', '349802615');
INSERT INTO PATIENT
VALUES ('425433', '914267583');

INSERT INTO ADMINISTRATOR
VALUES ('485612', '845632190');


INSERT INTO RECEPTIONIST
VALUES ('846274', '306518742');

INSERT INTO NURSE
VALUES ('414212', '513970624');


INSERT INTO DOCTOR
VALUES ('956426', '729064815', 'Knee', 'Doctorate');


INSERT INTO APPOINTMENTS
VALUES ('647521', '02/17/23', '13:00');

-- NINTH TABLE--
INSERT INTO MEDICAL_RECORDS
VALUES('342678', '983526', 'Knee Surgery', '03/26/23', '03/25/23', '5000');

-- TENTH TABLE
INSERT INTO FILL_IN
VALUES ('956426','414212','342678');

-- 11TH TABLE
INSERT INTO SET_UP
VALUES ('846274','647521');

-- 12TH TABLE--
INSERT INTO GO_TO
VALUES ('956426','414212','647521','ACL Tear');
